{"mean":{"confidence_interval":{"confidence_level":0.95,"lower_bound":1469.9888104658246,"upper_bound":1483.9983352096342},"point_estimate":1476.5944911014476,"standard_error":3.5682836334975603},"median":{"confidence_interval":{"confidence_level":0.95,"lower_bound":1463.7567499943295,"upper_bound":1477.201182999854},"point_estimate":1470.3514912482729,"standard_error":3.2994348664873723},"median_abs_dev":{"confidence_interval":{"confidence_level":0.95,"lower_bound":19.710617652337625,"upper_bound":34.08607422580051},"point_estimate":27.49970206321844,"standard_error":3.4617211946053956},"slope":{"confidence_interval":{"confidence_level":0.95,"lower_bound":1472.2835700247558,"upper_bound":1489.1451052324421},"point_estimate":1480.5824125002543,"standard_error":4.30850261746527},"std_dev":{"confidence_interval":{"confidence_level":0.95,"lower_bound":24.80926382091148,"upper_bound":47.787802694842334},"point_estimate":35.95910526760418,"standard_error":6.121719090148394}}