{"mean":{"confidence_interval":{"confidence_level":0.95,"lower_bound":2484.0478917443484,"upper_bound":2507.6507370350046},"point_estimate":2494.8769163966012,"standard_error":6.03764524389624},"median":{"confidence_interval":{"confidence_level":0.95,"lower_bound":2477.763106746458,"upper_bound":2493.2352722779906},"point_estimate":2484.691297688666,"standard_error":4.726559035870923},"median_abs_dev":{"confidence_interval":{"confidence_level":0.95,"lower_bound":26.918925588315513,"upper_bound":43.20557747819311},"point_estimate":35.27270754075331,"standard_error":4.166841929942049},"slope":{"confidence_interval":{"confidence_level":0.95,"lower_bound":2476.756373158359,"upper_bound":2497.8596791755017},"point_estimate":2486.612349174992,"standard_error":5.36757837246462},"std_dev":{"confidence_interval":{"confidence_level":0.95,"lower_bound":34.73558764643315,"upper_bound":83.39778416891298},"point_estimate":60.50254473042278,"standard_error":12.577650840383571}}