{"mean":{"confidence_interval":{"confidence_level":0.95,"lower_bound":850.8490300734908,"upper_bound":854.2343803714426},"point_estimate":852.5190031301939,"standard_error":0.8619054355344431},"median":{"confidence_interval":{"confidence_level":0.95,"lower_bound":850.5554333848561,"upper_bound":854.1862244897959},"point_estimate":852.6066220619073,"standard_error":1.0191556781379796},"median_abs_dev":{"confidence_interval":{"confidence_level":0.95,"lower_bound":5.758633573390601,"upper_bound":10.36440811019372},"point_estimate":8.530254413651125,"standard_error":1.1558269812664799},"slope":{"confidence_interval":{"confidence_level":0.95,"lower_bound":846.5382816518462,"upper_bound":849.584156801566},"point_estimate":847.9723000475497,"standard_error":0.7760653580533324},"std_dev":{"confidence_interval":{"confidence_level":0.95,"lower_bound":7.279157865272477,"upper_bound":9.961514105199983},"point_estimate":8.68503399331122,"standard_error":0.6858187865541864}}